{
  "text_prompt": "label the seriously injured people",
  "image_size": {
    "width": 1536,
    "height": 1024
  },
  "objects": [
    {
      "id": 0,
      "score": 0.7171053290367126,
      "box": [
        1324.135498046875,
        465.7381591796875,
        1359.9610595703125,
        482.86029052734375
      ]
    },
    {
      "id": 1,
      "score": 0.7542219161987305,
      "box": [
        492.96026611328125,
        592.9429931640625,
        538.98583984375,
        608.6343994140625
      ]
    },
    {
      "id": 2,
      "score": 0.8389917612075806,
      "box": [
        967.0035400390625,
        665.7005615234375,
        1016.27734375,
        700.037353515625
      ]
    }
  ]
}